Weekly Pivot Point,Resistance Level 1,Support Level 1,Resistance Level 2,Support Level 2,Resistance Level 3,Support Level 3
0.750956666667,0.759663333333,0.745233333333,0.765386666667,0.736526666667,0.779816666667,0.722096666667
