Daily Pivot Point,Resistance Level 1,Support Level 1,Resistance Level 2,Support Level 2,Resistance Level 3,Support Level 3
0.753696666667,0.755203333333,0.752653333333,0.756246666667,0.751146666667,0.758796666667,0.748596666667
