Weekly Pivot Point,Resistance Level 1,Support Level 1,Resistance Level 2,Support Level 2,Resistance Level 3,Support Level 3
0.749576666667,0.761873333333,0.742473333333,0.768976666667,0.730176666667,0.788376666667,0.710776666667
