Daily Pivot Point,Resistance Level 1,Support Level 1,Resistance Level 2,Support Level 2,Resistance Level 3,Support Level 3
0.754223333333,0.755966666667,0.753026666667,0.757163333333,0.751283333333,0.760103333333,0.748343333333
