D Pivot Point,Resistance L1,Support L1,Resistance L2,Support L2,Resistance L3,Support L3
0.759293333333,0.761766666667,0.755446666667,0.765613333333,0.752973333333,0.771933333333,0.746653333333
