W Pivot Point,Resistance L1,Support L1,Resistance L2,Support L2,Resistance L3,Support L3
0.757903333333,0.763616666667,0.752206666667,0.769313333333,0.746493333333,0.780723333333,0.735083333333
