Weekly Pivot Point,Resistance Level 1,Support Level 1,Resistance Level 2,Support Level 2,Resistance Level 3,Support Level 3
1.12249333333,1.12551666667,1.11656666667,1.13144333333,1.11354333333,1.14039333333,1.10459333333
