Daily Pivot Point,Resistance Level 1,Support Level 1,Resistance Level 2,Support Level 2,Resistance Level 3,Support Level 3
1.11996666667,1.12329333333,1.11626333333,1.12699666667,1.11293666667,1.13402666667,1.10590666667
