D Pivot Point,Resistance L1,Support L1,Resistance L2,Support L2,Resistance L3,Support L3
1.11686666667,1.12050333333,1.11088333333,1.12648666667,1.10724666667,1.13610666667,1.09762666667
