Daily Pivot Point,Resistance Level 1,Support Level 1,Resistance Level 2,Support Level 2,Resistance Level 3,Support Level 3
1.12091333333,1.12263666667,1.11862666667,1.12492333333,1.11690333333,1.12893333333,1.11289333333
