Daily Pivot Point,Resistance Level 1,Support Level 1,Resistance Level 2,Support Level 2,Resistance Level 3,Support Level 3
1.11596333333,1.11806666667,1.11175666667,1.12227333333,1.10965333333,1.12858333333,1.10334333333
