Weekly Pivot Point,Resistance Level 1,Support Level 1,Resistance Level 2,Support Level 2,Resistance Level 3,Support Level 3
1.12345666667,1.12647333333,1.11840333333,1.13152666667,1.11538666667,1.13959666667,1.10731666667
