Daily Pivot Point,Resistance Level 1,Support Level 1,Resistance Level 2,Support Level 2,Resistance Level 3,Support Level 3
1.12260333333,1.12573666667,1.11828666667,1.13005333333,1.11515333333,1.13750333333,1.10770333333
