W Pivot Point,Resistance L1,Support L1,Resistance L2,Support L2,Resistance L3,Support L3
1.12088333333,1.12853666667,1.11217666667,1.13724333333,1.10452333333,1.15360333333,1.08816333333
