Daily Pivot Point,Resistance Level 1,Support Level 1,Resistance Level 2,Support Level 2,Resistance Level 3,Support Level 3
1.27136333333,1.27461666667,1.26570666667,1.28027333333,1.26245333333,1.28918333333,1.25354333333
