Weekly Pivot Point,Resistance Level 1,Support Level 1,Resistance Level 2,Support Level 2,Resistance Level 3,Support Level 3
1.29249333333,1.30042666667,1.28789666667,1.30502333333,1.27996333333,1.31755333333,1.26743333333
