Daily Pivot Point,Resistance Level 1,Support Level 1,Resistance Level 2,Support Level 2,Resistance Level 3,Support Level 3
1.29478666667,1.29879333333,1.29182333333,1.30175666667,1.28781666667,1.30872666667,1.28084666667
