Daily Pivot Point,Resistance Level 1,Support Level 1,Resistance Level 2,Support Level 2,Resistance Level 3,Support Level 3
1.26893333333,1.27393666667,1.26084666667,1.28202333333,1.25584333333,1.29511333333,1.24275333333
