W Pivot Point,Resistance L1,Support L1,Resistance L2,Support L2,Resistance L3,Support L3
1.27374333333,1.28355666667,1.26569666667,1.29160333333,1.25588333333,1.30946333333,1.23802333333
