Daily Pivot Point,Resistance Level 1,Support Level 1,Resistance Level 2,Support Level 2,Resistance Level 3,Support Level 3
0.720796666667,0.722853333333,0.719313333333,0.724336666667,0.717256666667,0.727876666667,0.713716666667
