Weekly Pivot Point,Resistance Level 1,Support Level 1,Resistance Level 2,Support Level 2,Resistance Level 3,Support Level 3
0.717896666667,0.724353333333,0.713513333333,0.728736666667,0.707056666667,0.739576666667,0.696216666667
