Daily Pivot Point,Resistance Level 1,Support Level 1,Resistance Level 2,Support Level 2,Resistance Level 3,Support Level 3
0.720343333333,0.721506666667,0.718806666667,0.723043333333,0.717643333333,0.725743333333,0.714943333333
