Daily Pivot Point,Resistance Level 1,Support Level 1,Resistance Level 2,Support Level 2,Resistance Level 3,Support Level 3
1.35047333333,1.35247666667,1.34879666667,1.35415333333,1.34679333333,1.35783333333,1.34311333333
