Daily Pivot Point,Resistance Level 1,Support Level 1,Resistance Level 2,Support Level 2,Resistance Level 3,Support Level 3
0.966756666667,0.970023333333,0.963893333333,0.972886666667,0.960626666667,0.979016666667,0.954496666667
