W Pivot Point,Resistance L1,Support L1,Resistance L2,Support L2,Resistance L3,Support L3
110.004333333,111.193666667,109.192666667,112.005333333,108.003333333,114.006333333,106.002333333
