Weekly Pivot Point,Resistance Level 1,Support Level 1,Resistance Level 2,Support Level 2,Resistance Level 3,Support Level 3
1.34937666667,1.35612333333,1.34405333333,1.36144666667,1.33730666667,1.37351666667,1.32523666667
