Weekly Pivot Point,Resistance Level 1,Support Level 1,Resistance Level 2,Support Level 2,Resistance Level 3,Support Level 3
1.34737333333,1.35211666667,1.34218666667,1.35730333333,1.33744333333,1.36723333333,1.32751333333
