D Pivot Point,Resistance L1,Support L1,Resistance L2,Support L2,Resistance L3,Support L3
109.574333333,110.333666667,108.805666667,111.102333333,108.046333333,112.630333333,106.518333333
