Daily Pivot Point,Resistance Level 1,Support Level 1,Resistance Level 2,Support Level 2,Resistance Level 3,Support Level 3
0.969283333333,0.972606666667,0.965826666667,0.976063333333,0.962503333333,0.982843333333,0.955723333333
