Daily Pivot Point,Resistance Level 1,Support Level 1,Resistance Level 2,Support Level 2,Resistance Level 3,Support Level 3
1.35205666667,1.35373333333,1.34992333333,1.35586666667,1.34824666667,1.35967666667,1.34443666667
