Daily Pivot Point,Resistance Level 1,Support Level 1,Resistance Level 2,Support Level 2,Resistance Level 3,Support Level 3
1.34779333333,1.35332666667,1.34139666667,1.35972333333,1.33586333333,1.37165333333,1.32393333333
