Daily Pivot Point,Resistance Level 1,Support Level 1,Resistance Level 2,Support Level 2,Resistance Level 3,Support Level 3
1.33714666667,1.34233333333,1.32722333333,1.35225666667,1.32203666667,1.36736666667,1.30692666667
